addresses,
0x4Dc25f77Eb726397671D9FeB24bB96964B1c0D95,
0xF9C343f950759a18feDeaFD1269BAD8007298246,
0xDCbAEE73F6D8dBDb3408d259b6eFF4f023231Ee5,
0x97765B4E25eE04b2255514A54b201B0D4A9Ab5bC,
0x18eD6EEb3ac211219b3Ed83579764df060001b91,
0x32743283669aC5e6C59ffF77362671Ab52e82e2B,
0x93c3bDd43228961f57bF61e5130228aE8a929Ae1,
0xd9b667b6a517469A40b2C9568F524DACF893251D,
0x67Db1E9F862863ECF16116c1dea5a22A4b72Ae11,
0x8FBB11702cCcFbe8e38DB6800233f8a2B2457090,
0x4Dc25f77Eb726397671D9FeB24bB96964B1c0D95,
0x854D9bD4C62cE4195535f998e3C831F6b21aC619,
0x1168e9e7b9bEB0E5e15cd63E6a0857d42963509B,
0xb96178934bfAe688706A5851A4d95133e338fDb8,
0xBa4fef3A91acC2Aeef085963916cE8B489E1251f,
0x96563b7C085cA82f285434298700ED907cB67DC0